route	alt	source_url
/		https://images.squarespace-cdn.com/content/v1/5f61761af2cdd54a05d788de/1602103426110-8XHPUNY1VXZB4WO3US40/image.jpg
/		https://images.squarespace-cdn.com/content/v1/5f61761af2cdd54a05d788de/bfbe12c1-8789-4ad1-bc8d-e78c9d15f3da/YouVersion+Bible+Icon.png
/		https://images.squarespace-cdn.com/content/v1/5f61761af2cdd54a05d788de/1601518627094-Z6VMVC9KC6NAJWZ51Y10/Why%252BNorth%252BKorean%252BBible.jpg
/		https://images.squarespace-cdn.com/content/v1/5f61761af2cdd54a05d788de/1601518463318-YJKJTCVRDFA3D0XW5QB1/Gods%2BPromises%2BNew%2BTestament.jpg
/		https://images.squarespace-cdn.com/content/v1/5f61761af2cdd54a05d788de/1601518686454-OTMZMY04XGW71UWHYFSQ/Behind%2525252Bthe%2525252BScenes.jpg
/		https://images.squarespace-cdn.com/content/v1/5f61761af2cdd54a05d788de/1601518491523-Q75E6LSY78IZ30P8RADU/Looking%2BBack.jpg
/		https://images.squarespace-cdn.com/content/v1/5f61761af2cdd54a05d788de/1601518505151-73R2GL6PD14ENCU2V68G/Prayer%2BGroup%2BSignup.jpg
/		https://images.squarespace-cdn.com/content/v1/5f61761af2cdd54a05d788de/1601518515754-FXJWGK4OCCFOIMB1BS16/Donate.jpg
/en/about		https://images.squarespace-cdn.com/content/v1/5f61761af2cdd54a05d788de/1602031154303-I5W03WBYCTQZL1X0MY37/PBI+founding+members.jpg
/en/about		https://images.squarespace-cdn.com/content/v1/5f61761af2cdd54a05d788de/edcffd76-5bc8-412e-a627-8b5603417522/Picture2.jpg
/en/about		https://images.squarespace-cdn.com/content/v1/5f61761af2cdd54a05d788de/1600578773089-FDXHN21IIEQYBM17QZXS/KASCON.jpg
/en/about		https://images.squarespace-cdn.com/content/v1/5f61761af2cdd54a05d788de/1600578754333-3IU0GFY7DUV2KV1EM5N6/North_Korean_students.jpg
/en/about		https://images.squarespace-cdn.com/content/v1/5f61761af2cdd54a05d788de/1602019059155-NJKUMXD5E7Y8Z1HQ8KP8/ProfAndMrsKim.jpg
/en/about		https://images.squarespace-cdn.com/content/v1/5f61761af2cdd54a05d788de/1602018464166-KL3V4TR8USKN1ZME8MB2/yoojinkim.jpg
/en/about		https://images.squarespace-cdn.com/content/v1/5f61761af2cdd54a05d788de/1602102016988-4NH3WOADHU8OOZ8CF1VX/jongwoolee.jpg
/en/about		https://images.squarespace-cdn.com/content/v1/5f61761af2cdd54a05d788de/1602102176104-Q5O2O8PLPJMWS0UXUS5G/Jin%2BKeol%2BPark.jpg
/en/about		https://images.squarespace-cdn.com/content/v1/5f61761af2cdd54a05d788de/c345a643-4342-46ec-be8b-b8c746ba40dc/jisoolee.jpg
/en/about		https://images.squarespace-cdn.com/content/v1/5f61761af2cdd54a05d788de/1602058482898-PZ8UMM02AQPB33UEVJ4C/ProfKimDuringLecture.png
/en/about		https://images.squarespace-cdn.com/content/v1/5f61761af2cdd54a05d788de/1602060131074-KNFHIB1SFK7XWVKOGFJ9/%25EA%25B9%2580%25ED%2598%2584%25EC%258B%259D%252C%2B%25EA%25B9%2580%25ED%2598%2584%25EC%259E%2590.jpg
/en/about		https://images.squarespace-cdn.com/content/v1/5f61761af2cdd54a05d788de/1601012603174-9H8XWKIOVZDFE0IKK6PF/ProfAndMrsKim.jpg
/en/about		https://images.squarespace-cdn.com/content/v1/5f61761af2cdd54a05d788de/1601016610574-O0MNPBTCNOD9CXXAQLT3/English-Korean+Biligual+Bible+-+Book+of+John.jpg
/en/about		https://images.squarespace-cdn.com/content/v1/5f61761af2cdd54a05d788de/1601016639135-13VDVXM7WIWZAB2NNA1T/Childrens+bible+story.jpg
/en/about		https://images.squarespace-cdn.com/content/v1/5f61761af2cdd54a05d788de/1601015739239-L2AZBP5ZBJC70VL4YS4Q/NorthSouthDictionary.jpg
/en/about		https://images.squarespace-cdn.com/content/v1/5f61761af2cdd54a05d788de/1601016037097-AM7CR0VIEQUSM6YTHKIZ/KimHyunSikAutoBio2.png
/en/about		https://images.squarespace-cdn.com/content/v1/5f61761af2cdd54a05d788de/1601015565036-X3NLG1Z0T2Z19W1MQEF1/KimHyunSikAutoBio1.png
/en/about		https://images.squarespace-cdn.com/content/v1/5f61761af2cdd54a05d788de/1601016495084-T6N4M5MEXJELCDC90FUL/DocumentaryKJI.jpg
/en/home		https://images.squarespace-cdn.com/content/v1/5f61761af2cdd54a05d788de/1602103426110-8XHPUNY1VXZB4WO3US40/image.jpg
/en/home		https://images.squarespace-cdn.com/content/v1/5f61761af2cdd54a05d788de/bfbe12c1-8789-4ad1-bc8d-e78c9d15f3da/YouVersion+Bible+Icon.png
/en/home		https://images.squarespace-cdn.com/content/v1/5f61761af2cdd54a05d788de/1601518627094-Z6VMVC9KC6NAJWZ51Y10/Why%252BNorth%252BKorean%252BBible.jpg
/en/home		https://images.squarespace-cdn.com/content/v1/5f61761af2cdd54a05d788de/1601518463318-YJKJTCVRDFA3D0XW5QB1/Gods%2BPromises%2BNew%2BTestament.jpg
/en/home		https://images.squarespace-cdn.com/content/v1/5f61761af2cdd54a05d788de/1601518686454-OTMZMY04XGW71UWHYFSQ/Behind%2525252Bthe%2525252BScenes.jpg
/en/home		https://images.squarespace-cdn.com/content/v1/5f61761af2cdd54a05d788de/1601518491523-Q75E6LSY78IZ30P8RADU/Looking%2BBack.jpg
/en/home		https://images.squarespace-cdn.com/content/v1/5f61761af2cdd54a05d788de/1601518505151-73R2GL6PD14ENCU2V68G/Prayer%2BGroup%2BSignup.jpg
/en/home		https://images.squarespace-cdn.com/content/v1/5f61761af2cdd54a05d788de/1601518515754-FXJWGK4OCCFOIMB1BS16/Donate.jpg
/en/inprogress		https://images.squarespace-cdn.com/content/v1/5f61761af2cdd54a05d788de/1600561921740-BBYEFY3526RKX2QN9P8H/Gods+Promises+Side.png
/en/inprogress		https://images.squarespace-cdn.com/content/v1/5f61761af2cdd54a05d788de/bfbe12c1-8789-4ad1-bc8d-e78c9d15f3da/YouVersion+Bible+Icon.png
/en/prayer-newsletter		https://images.squarespace-cdn.com/content/v1/5f61761af2cdd54a05d788de/1600820983764-ZXGM756QF82RY6EU2XLC/image-asset.jpeg
/en/publications		https://images.squarespace-cdn.com/content/v1/5f61761af2cdd54a05d788de/1602036701052-PHO4ZJ1PRQU42N7MEA8Q/Gods+Promises+Side2.png
/en/publications		https://images.squarespace-cdn.com/content/v1/5f61761af2cdd54a05d788de/bfbe12c1-8789-4ad1-bc8d-e78c9d15f3da/YouVersion+Bible+Icon.png
/en/publications		https://images.squarespace-cdn.com/content/v1/5f61761af2cdd54a05d788de/1601016610574-O0MNPBTCNOD9CXXAQLT3/English-Korean+Biligual+Bible+-+Book+of+John.jpg
/en/publications		https://images.squarespace-cdn.com/content/v1/5f61761af2cdd54a05d788de/1600385454085-VYTG2LLJ45AK52P2TEBO/English-Korean+Biligual+Bible+-+Book+of+John.jpg
/en/publications		https://images.squarespace-cdn.com/content/v1/5f61761af2cdd54a05d788de/1670021347553-ZEJK94US79EQD7OMZMP3/unsplash-image-Zv9YtLXs7pM.jpg
/en/support		https://images.squarespace-cdn.com/content/v1/5f61761af2cdd54a05d788de/1670022624959-48798U1I03XTBK7UVWRW/unsplash-image-iy34kwDyJ4E.jpg
/en/teens		https://images.squarespace-cdn.com/content/v1/5f61761af2cdd54a05d788de/1602035917335-G0832OD7LDUCG4RGXJR4/Childrens+bible+story-small.png
/en/teens		https://images.squarespace-cdn.com/content/v1/5f61761af2cdd54a05d788de/1602036084793-4U21J36JAKWEVJYT3LQA/Childrens+bible+story-small.png
/en/whybilingual		https://images.squarespace-cdn.com/content/v1/5f61761af2cdd54a05d788de/1602056235252-NNUN4L3G3XGOJT2FE3AK/ESL_class.jpg
/en/whybilingual		https://images.squarespace-cdn.com/content/v1/5f61761af2cdd54a05d788de/1602711908489-RH4MUSY189KU5KESO5L3/image-asset.jpeg
/en/whynkbible		https://images.squarespace-cdn.com/content/v1/5ec321c2af33de48734cc929/1589849181463-ZDTWWJ8IAU6TBR3JPI2F/20140301_Trade-151_0124-copy.jpg
/en/whynkbible		https://images.squarespace-cdn.com/content/v1/5f61761af2cdd54a05d788de/1601019607220-GEIIQKR2AJWCBCCF8VB0/korea-cudl-1331x2059.jpeg
/en/whynkbible		https://images.squarespace-cdn.com/content/v1/5f61761af2cdd54a05d788de/be1731c8-ff0a-4b1b-93a2-95bda547cfe6/Gods+Promises+Side.png
